{"inputUnits":[34],"outputUnits":6,"inputs":{"0":{"dtype":"number","min":76.77589743053866,"max":307.77188905946014},"1":{"dtype":"number","min":-25.5847173906022,"max":205.31010609192606},"2":{"dtype":"number","min":88.17461659472276,"max":308.03754635821986},"3":{"dtype":"number","min":-32.0815683802742,"max":195.96780858615028},"4":{"dtype":"number","min":94.18622324902724,"max":303.43594680964253},"5":{"dtype":"number","min":-31.16398080313716,"max":193.64068294777482},"6":{"dtype":"number","min":116.63414624878405,"max":401.75871496534535},"7":{"dtype":"number","min":-33.52354472713248,"max":362.6597363661235},"8":{"dtype":"number","min":97.31815204546146,"max":286.5089268072106},"9":{"dtype":"number","min":-34.71242704280156,"max":199.14581655064447},"10":{"dtype":"number","min":120.18329308654548,"max":293.8298206848857},"11":{"dtype":"number","min":6.0943236146919455,"max":229.91280759818824},"12":{"dtype":"number","min":68.27950681693824,"max":294.3191468947592},"13":{"dtype":"number","min":19.764964775352627,"max":230.5927914868069},"14":{"dtype":"number","min":32.59340278833293,"max":387.7168291737597},"15":{"dtype":"number","min":49.02387092085664,"max":380.73801716014106},"16":{"dtype":"number","min":33.53538364751794,"max":284.3583993874635},"17":{"dtype":"number","min":48.27092686515838,"max":279.2272901720574},"18":{"dtype":"number","min":31.624434059232126,"max":345.4807622887281},"19":{"dtype":"number","min":22.22596402298152,"max":365.25990526963767},"20":{"dtype":"number","min":25.84983142897313,"max":299.9747547194188},"21":{"dtype":"number","min":22.166194989987385,"max":355.72269899835845},"22":{"dtype":"number","min":133.27883709265564,"max":343.00864846789887},"23":{"dtype":"number","min":169.78471214205373,"max":300.59417843354817},"24":{"dtype":"number","min":87.12968047026995,"max":343.5409130289397},"25":{"dtype":"number","min":173.77308648847884,"max":323.9007972093872},"26":{"dtype":"number","min":126.41664497583292,"max":397.90746785323444},"27":{"dtype":"number","min":222.26992358493433,"max":357.4247723887403},"28":{"dtype":"number","min":16.01063472287664,"max":382.1035659730666},"29":{"dtype":"number","min":196.41914812971183,"max":395.2299481699903},"30":{"dtype":"number","min":18.12483049088415,"max":353.4006794139105},"31":{"dtype":"number","min":269.86744209022373,"max":431.8818682362597},"32":{"dtype":"number","min":13.221963370356578,"max":350.923673280946},"33":{"dtype":"number","min":296.3956009089251,"max":425.87315897069556}},"outputs":{"label":{"dtype":"string","min":0,"max":1,"uniqueValues":["jacks_1","jacks_2","lunges_1","lunges_2","squats_1","squats_2"],"legend":{"jacks_1":[1,0,0,0,0,0],"jacks_2":[0,1,0,0,0,0],"lunges_1":[0,0,1,0,0,0],"lunges_2":[0,0,0,1,0,0],"squats_1":[0,0,0,0,1,0],"squats_2":[0,0,0,0,0,1]}}},"isNormalized":true}